balancing_type,horizon,period,avg,min,max
day,202001,2020,0.5424,0.2876,0.7385
day,202002,2020,0.4875,0.2376,0.7
day,202003,2020,0.6092,0.3625,0.7804
day,202004,2020,0.5994,0.3504,0.7746
day,202005,2020,0.3953,0.1725,0.6243
day,202006,2020,0.6067,0.3593,0.7789
day,202007,2020,0.3893,0.16899999999999998,0.6188
day,202008,2020,0.3893,0.16899999999999998,0.6188
day,202009,2020,0.569,0.3153,0.7558
day,202010,2020,0.6251,0.38299999999999995,0.7897
day,202011,2020,0.6726,0.4518,0.8162
day,202012,2020,0.6726,0.4518,0.8162
day,202013,2020,0.4215,0.18899999999999997,0.6475
day,202014,2020,0.4939,0.243,0.7047
day,202015,2020,0.3768,0.1618,0.6071
day,202016,2020,0.3041,0.1257,0.5297
day,202017,2020,0.3921,0.1706,0.6214
day,202018,2020,0.4875,0.2376,0.7
day,202019,2020,0.6067,0.3593,0.7789
day,202020,2020,0.6251,0.38299999999999995,0.7897
day,202021,2020,0.5857,0.3342,0.7662
day,202022,2020,0.7342,0.4555,0.8174
day,202023,2020,0.3017,0.1247,0.5268
day,202024,2020,0.2987,0.1234,0.5233
day,202025,2020,0.3482,0.1465,0.5786
day,202026,2020,0.4187,0.1871,0.6451
day,202027,2020,0.4875,0.2376,0.7
day,202028,2020,0.4875,0.2376,0.7
day,202029,2020,0.5994,0.3504,0.7746
day,202030,2020,0.3893,0.16899999999999998,0.6188
day,202031,2020,0.6067,0.3593,0.7789
day,202032,2020,0.6067,0.3593,0.7789
day,202033,2020,0.3893,0.16899999999999998,0.6188
day,202034,2020,0.6067,0.3593,0.7789
day,202035,2020,0.6726,0.4518,0.8162
day,202036,2020,0.3565,0.1508,0.5871
day,202037,2020,0.3551,0.1501,0.5857
day,202101,2021,0.5424,0.2876,0.7385
day,202102,2021,0.4875,0.2376,0.7
day,202103,2021,0.6092,0.3625,0.7804
day,202104,2021,0.5994,0.3504,0.7746
day,202105,2021,0.3953,0.1725,0.6243
day,202106,2021,0.6067,0.3593,0.7789
day,202107,2021,0.3893,0.16899999999999998,0.6188
day,202108,2021,0.3893,0.16899999999999998,0.6188
day,202109,2021,0.569,0.3153,0.7558
day,202110,2021,0.6251,0.38299999999999995,0.7897
day,202111,2021,0.6726,0.4518,0.8162
day,202112,2021,0.6726,0.4518,0.8162
day,202113,2021,0.4215,0.18899999999999997,0.6475
day,202114,2021,0.4939,0.243,0.7047
day,202115,2021,0.3768,0.1618,0.6071
day,202116,2021,0.3041,0.1257,0.5297
day,202117,2021,0.3921,0.1706,0.6214
day,202118,2021,0.4875,0.2376,0.7
day,202119,2021,0.6067,0.3593,0.7789
day,202120,2021,0.6251,0.38299999999999995,0.7897
day,202121,2021,0.5857,0.3342,0.7662
day,202122,2021,0.7342,0.4555,0.8174
day,202123,2021,0.3017,0.1247,0.5268
day,202124,2021,0.2987,0.1234,0.5233
day,202125,2021,0.3482,0.1465,0.5786
day,202126,2021,0.4187,0.1871,0.6451
day,202127,2021,0.4875,0.2376,0.7
day,202128,2021,0.4875,0.2376,0.7
day,202129,2021,0.5994,0.3504,0.7746
day,202130,2021,0.3893,0.16899999999999998,0.6188
day,202131,2021,0.6067,0.3593,0.7789
day,202132,2021,0.6067,0.3593,0.7789
day,202133,2021,0.3893,0.16899999999999998,0.6188
day,202134,2021,0.6067,0.3593,0.7789
day,202135,2021,0.6726,0.4518,0.8162
day,202136,2021,0.3565,0.1508,0.5871
day,202137,2021,0.3551,0.1501,0.5857
day,202201,2022,0.5424,0.2876,0.7385
day,202202,2022,0.4875,0.2376,0.7
day,202203,2022,0.6092,0.3625,0.7804
day,202204,2022,0.5994,0.3504,0.7746
day,202205,2022,0.3953,0.1725,0.6243
day,202206,2022,0.6067,0.3593,0.7789
day,202207,2022,0.3893,0.16899999999999998,0.6188
day,202208,2022,0.3893,0.16899999999999998,0.6188
day,202209,2022,0.569,0.3153,0.7558
day,202210,2022,0.6251,0.38299999999999995,0.7897
day,202211,2022,0.6726,0.4518,0.8162
day,202212,2022,0.6726,0.4518,0.8162
day,202213,2022,0.4215,0.18899999999999997,0.6475
day,202214,2022,0.4939,0.243,0.7047
day,202215,2022,0.3768,0.1618,0.6071
day,202216,2022,0.3041,0.1257,0.5297
day,202217,2022,0.3921,0.1706,0.6214
day,202218,2022,0.4875,0.2376,0.7
day,202219,2022,0.6067,0.3593,0.7789
day,202220,2022,0.6251,0.38299999999999995,0.7897
day,202221,2022,0.5857,0.3342,0.7662
day,202222,2022,0.7342,0.4555,0.8174
day,202223,2022,0.3017,0.1247,0.5268
day,202224,2022,0.2987,0.1234,0.5233
day,202225,2022,0.3482,0.1465,0.5786
day,202226,2022,0.4187,0.1871,0.6451
day,202227,2022,0.4875,0.2376,0.7
day,202228,2022,0.4875,0.2376,0.7
day,202229,2022,0.5994,0.3504,0.7746
day,202230,2022,0.3893,0.16899999999999998,0.6188
day,202231,2022,0.6067,0.3593,0.7789
day,202232,2022,0.6067,0.3593,0.7789
day,202233,2022,0.3893,0.16899999999999998,0.6188
day,202234,2022,0.6067,0.3593,0.7789
day,202235,2022,0.6726,0.4518,0.8162
day,202236,2022,0.3565,0.1508,0.5871
day,202237,2022,0.3551,0.1501,0.5857
day,202301,2023,0.5424,0.2876,0.7385
day,202302,2023,0.4875,0.2376,0.7
day,202303,2023,0.6092,0.3625,0.7804
day,202304,2023,0.5994,0.3504,0.7746
day,202305,2023,0.3953,0.1725,0.6243
day,202306,2023,0.6067,0.3593,0.7789
day,202307,2023,0.3893,0.16899999999999998,0.6188
day,202308,2023,0.3893,0.16899999999999998,0.6188
day,202309,2023,0.569,0.3153,0.7558
day,202310,2023,0.6251,0.38299999999999995,0.7897
day,202311,2023,0.6726,0.4518,0.8162
day,202312,2023,0.6726,0.4518,0.8162
day,202313,2023,0.4215,0.18899999999999997,0.6475
day,202314,2023,0.4939,0.243,0.7047
day,202315,2023,0.3768,0.1618,0.6071
day,202316,2023,0.3041,0.1257,0.5297
day,202317,2023,0.3921,0.1706,0.6214
day,202318,2023,0.4875,0.2376,0.7
day,202319,2023,0.6067,0.3593,0.7789
day,202320,2023,0.6251,0.38299999999999995,0.7897
day,202321,2023,0.5857,0.3342,0.7662
day,202322,2023,0.7342,0.4555,0.8174
day,202323,2023,0.3017,0.1247,0.5268
day,202324,2023,0.2987,0.1234,0.5233
day,202325,2023,0.3482,0.1465,0.5786
day,202326,2023,0.4187,0.1871,0.6451
day,202327,2023,0.4875,0.2376,0.7
day,202328,2023,0.4875,0.2376,0.7
day,202329,2023,0.5994,0.3504,0.7746
day,202330,2023,0.3893,0.16899999999999998,0.6188
day,202331,2023,0.6067,0.3593,0.7789
day,202332,2023,0.6067,0.3593,0.7789
day,202333,2023,0.3893,0.16899999999999998,0.6188
day,202334,2023,0.6067,0.3593,0.7789
day,202335,2023,0.6726,0.4518,0.8162
day,202336,2023,0.3565,0.1508,0.5871
day,202337,2023,0.3551,0.1501,0.5857
day,202401,2024,0.5424,0.2876,0.7385
day,202402,2024,0.4875,0.2376,0.7
day,202403,2024,0.6092,0.3625,0.7804
day,202404,2024,0.5994,0.3504,0.7746
day,202405,2024,0.3953,0.1725,0.6243
day,202406,2024,0.6067,0.3593,0.7789
day,202407,2024,0.3893,0.16899999999999998,0.6188
day,202408,2024,0.3893,0.16899999999999998,0.6188
day,202409,2024,0.569,0.3153,0.7558
day,202410,2024,0.6251,0.38299999999999995,0.7897
day,202411,2024,0.6726,0.4518,0.8162
day,202412,2024,0.6726,0.4518,0.8162
day,202413,2024,0.4215,0.18899999999999997,0.6475
day,202414,2024,0.4939,0.243,0.7047
day,202415,2024,0.3768,0.1618,0.6071
day,202416,2024,0.3041,0.1257,0.5297
day,202417,2024,0.3921,0.1706,0.6214
day,202418,2024,0.4875,0.2376,0.7
day,202419,2024,0.6067,0.3593,0.7789
day,202420,2024,0.6251,0.38299999999999995,0.7897
day,202421,2024,0.5857,0.3342,0.7662
day,202422,2024,0.7342,0.4555,0.8174
day,202423,2024,0.3017,0.1247,0.5268
day,202424,2024,0.2987,0.1234,0.5233
day,202425,2024,0.3482,0.1465,0.5786
day,202426,2024,0.4187,0.1871,0.6451
day,202427,2024,0.4875,0.2376,0.7
day,202428,2024,0.4875,0.2376,0.7
day,202429,2024,0.5994,0.3504,0.7746
day,202430,2024,0.3893,0.16899999999999998,0.6188
day,202431,2024,0.6067,0.3593,0.7789
day,202432,2024,0.6067,0.3593,0.7789
day,202433,2024,0.3893,0.16899999999999998,0.6188
day,202434,2024,0.6067,0.3593,0.7789
day,202435,2024,0.6726,0.4518,0.8162
day,202436,2024,0.3565,0.1508,0.5871
day,202437,2024,0.3551,0.1501,0.5857
day,202501,2025,0.5424,0.2876,0.7385
day,202502,2025,0.4875,0.2376,0.7
day,202503,2025,0.6092,0.3625,0.7804
day,202504,2025,0.5994,0.3504,0.7746
day,202505,2025,0.3953,0.1725,0.6243
day,202506,2025,0.6067,0.3593,0.7789
day,202507,2025,0.3893,0.16899999999999998,0.6188
day,202508,2025,0.3893,0.16899999999999998,0.6188
day,202509,2025,0.569,0.3153,0.7558
day,202510,2025,0.6251,0.38299999999999995,0.7897
day,202511,2025,0.6726,0.4518,0.8162
day,202512,2025,0.6726,0.4518,0.8162
day,202513,2025,0.4215,0.18899999999999997,0.6475
day,202514,2025,0.4939,0.243,0.7047
day,202515,2025,0.3768,0.1618,0.6071
day,202516,2025,0.3041,0.1257,0.5297
day,202517,2025,0.3921,0.1706,0.6214
day,202518,2025,0.4875,0.2376,0.7
day,202519,2025,0.6067,0.3593,0.7789
day,202520,2025,0.6251,0.38299999999999995,0.7897
day,202521,2025,0.5857,0.3342,0.7662
day,202522,2025,0.7342,0.4555,0.8174
day,202523,2025,0.3017,0.1247,0.5268
day,202524,2025,0.2987,0.1234,0.5233
day,202525,2025,0.3482,0.1465,0.5786
day,202526,2025,0.4187,0.1871,0.6451
day,202527,2025,0.4875,0.2376,0.7
day,202528,2025,0.4875,0.2376,0.7
day,202529,2025,0.5994,0.3504,0.7746
day,202530,2025,0.3893,0.16899999999999998,0.6188
day,202531,2025,0.6067,0.3593,0.7789
day,202532,2025,0.6067,0.3593,0.7789
day,202533,2025,0.3893,0.16899999999999998,0.6188
day,202534,2025,0.6067,0.3593,0.7789
day,202535,2025,0.6726,0.4518,0.8162
day,202536,2025,0.3565,0.1508,0.5871
day,202537,2025,0.3551,0.1501,0.5857
day,202601,2026,0.5424,0.2876,0.7385
day,202602,2026,0.4875,0.2376,0.7
day,202603,2026,0.6092,0.3625,0.7804
day,202604,2026,0.5994,0.3504,0.7746
day,202605,2026,0.3953,0.1725,0.6243
day,202606,2026,0.6067,0.3593,0.7789
day,202607,2026,0.3893,0.16899999999999998,0.6188
day,202608,2026,0.3893,0.16899999999999998,0.6188
day,202609,2026,0.569,0.3153,0.7558
day,202610,2026,0.6251,0.38299999999999995,0.7897
day,202611,2026,0.6726,0.4518,0.8162
day,202612,2026,0.6726,0.4518,0.8162
day,202613,2026,0.4215,0.18899999999999997,0.6475
day,202614,2026,0.4939,0.243,0.7047
day,202615,2026,0.3768,0.1618,0.6071
day,202616,2026,0.3041,0.1257,0.5297
day,202617,2026,0.3921,0.1706,0.6214
day,202618,2026,0.4875,0.2376,0.7
day,202619,2026,0.6067,0.3593,0.7789
day,202620,2026,0.6251,0.38299999999999995,0.7897
day,202621,2026,0.5857,0.3342,0.7662
day,202622,2026,0.7342,0.4555,0.8174
day,202623,2026,0.3017,0.1247,0.5268
day,202624,2026,0.2987,0.1234,0.5233
day,202625,2026,0.3482,0.1465,0.5786
day,202626,2026,0.4187,0.1871,0.6451
day,202627,2026,0.4875,0.2376,0.7
day,202628,2026,0.4875,0.2376,0.7
day,202629,2026,0.5994,0.3504,0.7746
day,202630,2026,0.3893,0.16899999999999998,0.6188
day,202631,2026,0.6067,0.3593,0.7789
day,202632,2026,0.6067,0.3593,0.7789
day,202633,2026,0.3893,0.16899999999999998,0.6188
day,202634,2026,0.6067,0.3593,0.7789
day,202635,2026,0.6726,0.4518,0.8162
day,202636,2026,0.3565,0.1508,0.5871
day,202637,2026,0.3551,0.1501,0.5857
day,202701,2027,0.5424,0.2876,0.7385
day,202702,2027,0.4875,0.2376,0.7
day,202703,2027,0.6092,0.3625,0.7804
day,202704,2027,0.5994,0.3504,0.7746
day,202705,2027,0.3953,0.1725,0.6243
day,202706,2027,0.6067,0.3593,0.7789
day,202707,2027,0.3893,0.16899999999999998,0.6188
day,202708,2027,0.3893,0.16899999999999998,0.6188
day,202709,2027,0.569,0.3153,0.7558
day,202710,2027,0.6251,0.38299999999999995,0.7897
day,202711,2027,0.6726,0.4518,0.8162
day,202712,2027,0.6726,0.4518,0.8162
day,202713,2027,0.4215,0.18899999999999997,0.6475
day,202714,2027,0.4939,0.243,0.7047
day,202715,2027,0.3768,0.1618,0.6071
day,202716,2027,0.3041,0.1257,0.5297
day,202717,2027,0.3921,0.1706,0.6214
day,202718,2027,0.4875,0.2376,0.7
day,202719,2027,0.6067,0.3593,0.7789
day,202720,2027,0.6251,0.38299999999999995,0.7897
day,202721,2027,0.5857,0.3342,0.7662
day,202722,2027,0.7342,0.4555,0.8174
day,202723,2027,0.3017,0.1247,0.5268
day,202724,2027,0.2987,0.1234,0.5233
day,202725,2027,0.3482,0.1465,0.5786
day,202726,2027,0.4187,0.1871,0.6451
day,202727,2027,0.4875,0.2376,0.7
day,202728,2027,0.4875,0.2376,0.7
day,202729,2027,0.5994,0.3504,0.7746
day,202730,2027,0.3893,0.16899999999999998,0.6188
day,202731,2027,0.6067,0.3593,0.7789
day,202732,2027,0.6067,0.3593,0.7789
day,202733,2027,0.3893,0.16899999999999998,0.6188
day,202734,2027,0.6067,0.3593,0.7789
day,202735,2027,0.6726,0.4518,0.8162
day,202736,2027,0.3565,0.1508,0.5871
day,202737,2027,0.3551,0.1501,0.5857
day,202801,2028,0.5424,0.2876,0.7385
day,202802,2028,0.4875,0.2376,0.7
day,202803,2028,0.6092,0.3625,0.7804
day,202804,2028,0.5994,0.3504,0.7746
day,202805,2028,0.3953,0.1725,0.6243
day,202806,2028,0.6067,0.3593,0.7789
day,202807,2028,0.3893,0.16899999999999998,0.6188
day,202808,2028,0.3893,0.16899999999999998,0.6188
day,202809,2028,0.569,0.3153,0.7558
day,202810,2028,0.6251,0.38299999999999995,0.7897
day,202811,2028,0.6726,0.4518,0.8162
day,202812,2028,0.6726,0.4518,0.8162
day,202813,2028,0.4215,0.18899999999999997,0.6475
day,202814,2028,0.4939,0.243,0.7047
day,202815,2028,0.3768,0.1618,0.6071
day,202816,2028,0.3041,0.1257,0.5297
day,202817,2028,0.3921,0.1706,0.6214
day,202818,2028,0.4875,0.2376,0.7
day,202819,2028,0.6067,0.3593,0.7789
day,202820,2028,0.6251,0.38299999999999995,0.7897
day,202821,2028,0.5857,0.3342,0.7662
day,202822,2028,0.7342,0.4555,0.8174
day,202823,2028,0.3017,0.1247,0.5268
day,202824,2028,0.2987,0.1234,0.5233
day,202825,2028,0.3482,0.1465,0.5786
day,202826,2028,0.4187,0.1871,0.6451
day,202827,2028,0.4875,0.2376,0.7
day,202828,2028,0.4875,0.2376,0.7
day,202829,2028,0.5994,0.3504,0.7746
day,202830,2028,0.3893,0.16899999999999998,0.6188
day,202831,2028,0.6067,0.3593,0.7789
day,202832,2028,0.6067,0.3593,0.7789
day,202833,2028,0.3893,0.16899999999999998,0.6188
day,202834,2028,0.6067,0.3593,0.7789
day,202835,2028,0.6726,0.4518,0.8162
day,202836,2028,0.3565,0.1508,0.5871
day,202837,2028,0.3551,0.1501,0.5857
day,202901,2029,0.5424,0.2876,0.7385
day,202902,2029,0.4875,0.2376,0.7
day,202903,2029,0.6092,0.3625,0.7804
day,202904,2029,0.5994,0.3504,0.7746
day,202905,2029,0.3953,0.1725,0.6243
day,202906,2029,0.6067,0.3593,0.7789
day,202907,2029,0.3893,0.16899999999999998,0.6188
day,202908,2029,0.3893,0.16899999999999998,0.6188
day,202909,2029,0.569,0.3153,0.7558
day,202910,2029,0.6251,0.38299999999999995,0.7897
day,202911,2029,0.6726,0.4518,0.8162
day,202912,2029,0.6726,0.4518,0.8162
day,202913,2029,0.4215,0.18899999999999997,0.6475
day,202914,2029,0.4939,0.243,0.7047
day,202915,2029,0.3768,0.1618,0.6071
day,202916,2029,0.3041,0.1257,0.5297
day,202917,2029,0.3921,0.1706,0.6214
day,202918,2029,0.4875,0.2376,0.7
day,202919,2029,0.6067,0.3593,0.7789
day,202920,2029,0.6251,0.38299999999999995,0.7897
day,202921,2029,0.5857,0.3342,0.7662
day,202922,2029,0.7342,0.4555,0.8174
day,202923,2029,0.3017,0.1247,0.5268
day,202924,2029,0.2987,0.1234,0.5233
day,202925,2029,0.3482,0.1465,0.5786
day,202926,2029,0.4187,0.1871,0.6451
day,202927,2029,0.4875,0.2376,0.7
day,202928,2029,0.4875,0.2376,0.7
day,202929,2029,0.5994,0.3504,0.7746
day,202930,2029,0.3893,0.16899999999999998,0.6188
day,202931,2029,0.6067,0.3593,0.7789
day,202932,2029,0.6067,0.3593,0.7789
day,202933,2029,0.3893,0.16899999999999998,0.6188
day,202934,2029,0.6067,0.3593,0.7789
day,202935,2029,0.6726,0.4518,0.8162
day,202936,2029,0.3565,0.1508,0.5871
day,202937,2029,0.3551,0.1501,0.5857
day,203001,2030,0.5424,0.2876,0.7385
day,203002,2030,0.4875,0.2376,0.7
day,203003,2030,0.6092,0.3625,0.7804
day,203004,2030,0.5994,0.3504,0.7746
day,203005,2030,0.3953,0.1725,0.6243
day,203006,2030,0.6067,0.3593,0.7789
day,203007,2030,0.3893,0.16899999999999998,0.6188
day,203008,2030,0.3893,0.16899999999999998,0.6188
day,203009,2030,0.569,0.3153,0.7558
day,203010,2030,0.6251,0.38299999999999995,0.7897
day,203011,2030,0.6726,0.4518,0.8162
day,203012,2030,0.6726,0.4518,0.8162
day,203013,2030,0.4215,0.18899999999999997,0.6475
day,203014,2030,0.4939,0.243,0.7047
day,203015,2030,0.3768,0.1618,0.6071
day,203016,2030,0.3041,0.1257,0.5297
day,203017,2030,0.3921,0.1706,0.6214
day,203018,2030,0.4875,0.2376,0.7
day,203019,2030,0.6067,0.3593,0.7789
day,203020,2030,0.6251,0.38299999999999995,0.7897
day,203021,2030,0.5857,0.3342,0.7662
day,203022,2030,0.7342,0.4555,0.8174
day,203023,2030,0.3017,0.1247,0.5268
day,203024,2030,0.2987,0.1234,0.5233
day,203025,2030,0.3482,0.1465,0.5786
day,203026,2030,0.4187,0.1871,0.6451
day,203027,2030,0.4875,0.2376,0.7
day,203028,2030,0.4875,0.2376,0.7
day,203029,2030,0.5994,0.3504,0.7746
day,203030,2030,0.3893,0.16899999999999998,0.6188
day,203031,2030,0.6067,0.3593,0.7789
day,203032,2030,0.6067,0.3593,0.7789
day,203033,2030,0.3893,0.16899999999999998,0.6188
day,203034,2030,0.6067,0.3593,0.7789
day,203035,2030,0.6726,0.4518,0.8162
day,203036,2030,0.3565,0.1508,0.5871
day,203037,2030,0.3551,0.1501,0.5857
day,203101,2031,0.5424,0.2876,0.7385
day,203102,2031,0.4875,0.2376,0.7
day,203103,2031,0.6092,0.3625,0.7804
day,203104,2031,0.5994,0.3504,0.7746
day,203105,2031,0.3953,0.1725,0.6243
day,203106,2031,0.6067,0.3593,0.7789
day,203107,2031,0.3893,0.16899999999999998,0.6188
day,203108,2031,0.3893,0.16899999999999998,0.6188
day,203109,2031,0.569,0.3153,0.7558
day,203110,2031,0.6251,0.38299999999999995,0.7897
day,203111,2031,0.6726,0.4518,0.8162
day,203112,2031,0.6726,0.4518,0.8162
day,203113,2031,0.4215,0.18899999999999997,0.6475
day,203114,2031,0.4939,0.243,0.7047
day,203115,2031,0.3768,0.1618,0.6071
day,203116,2031,0.3041,0.1257,0.5297
day,203117,2031,0.3921,0.1706,0.6214
day,203118,2031,0.4875,0.2376,0.7
day,203119,2031,0.6067,0.3593,0.7789
day,203120,2031,0.6251,0.38299999999999995,0.7897
day,203121,2031,0.5857,0.3342,0.7662
day,203122,2031,0.7342,0.4555,0.8174
day,203123,2031,0.3017,0.1247,0.5268
day,203124,2031,0.2987,0.1234,0.5233
day,203125,2031,0.3482,0.1465,0.5786
day,203126,2031,0.4187,0.1871,0.6451
day,203127,2031,0.4875,0.2376,0.7
day,203128,2031,0.4875,0.2376,0.7
day,203129,2031,0.5994,0.3504,0.7746
day,203130,2031,0.3893,0.16899999999999998,0.6188
day,203131,2031,0.6067,0.3593,0.7789
day,203132,2031,0.6067,0.3593,0.7789
day,203133,2031,0.3893,0.16899999999999998,0.6188
day,203134,2031,0.6067,0.3593,0.7789
day,203135,2031,0.6726,0.4518,0.8162
day,203136,2031,0.3565,0.1508,0.5871
day,203137,2031,0.3551,0.1501,0.5857
day,203201,2032,0.5424,0.2876,0.7385
day,203202,2032,0.4875,0.2376,0.7
day,203203,2032,0.6092,0.3625,0.7804
day,203204,2032,0.5994,0.3504,0.7746
day,203205,2032,0.3953,0.1725,0.6243
day,203206,2032,0.6067,0.3593,0.7789
day,203207,2032,0.3893,0.16899999999999998,0.6188
day,203208,2032,0.3893,0.16899999999999998,0.6188
day,203209,2032,0.569,0.3153,0.7558
day,203210,2032,0.6251,0.38299999999999995,0.7897
day,203211,2032,0.6726,0.4518,0.8162
day,203212,2032,0.6726,0.4518,0.8162
day,203213,2032,0.4215,0.18899999999999997,0.6475
day,203214,2032,0.4939,0.243,0.7047
day,203215,2032,0.3768,0.1618,0.6071
day,203216,2032,0.3041,0.1257,0.5297
day,203217,2032,0.3921,0.1706,0.6214
day,203218,2032,0.4875,0.2376,0.7
day,203219,2032,0.6067,0.3593,0.7789
day,203220,2032,0.6251,0.38299999999999995,0.7897
day,203221,2032,0.5857,0.3342,0.7662
day,203222,2032,0.7342,0.4555,0.8174
day,203223,2032,0.3017,0.1247,0.5268
day,203224,2032,0.2987,0.1234,0.5233
day,203225,2032,0.3482,0.1465,0.5786
day,203226,2032,0.4187,0.1871,0.6451
day,203227,2032,0.4875,0.2376,0.7
day,203228,2032,0.4875,0.2376,0.7
day,203229,2032,0.5994,0.3504,0.7746
day,203230,2032,0.3893,0.16899999999999998,0.6188
day,203231,2032,0.6067,0.3593,0.7789
day,203232,2032,0.6067,0.3593,0.7789
day,203233,2032,0.3893,0.16899999999999998,0.6188
day,203234,2032,0.6067,0.3593,0.7789
day,203235,2032,0.6726,0.4518,0.8162
day,203236,2032,0.3565,0.1508,0.5871
day,203237,2032,0.3551,0.1501,0.5857
day,203301,2033,0.5424,0.2876,0.7385
day,203302,2033,0.4875,0.2376,0.7
day,203303,2033,0.6092,0.3625,0.7804
day,203304,2033,0.5994,0.3504,0.7746
day,203305,2033,0.3953,0.1725,0.6243
day,203306,2033,0.6067,0.3593,0.7789
day,203307,2033,0.3893,0.16899999999999998,0.6188
day,203308,2033,0.3893,0.16899999999999998,0.6188
day,203309,2033,0.569,0.3153,0.7558
day,203310,2033,0.6251,0.38299999999999995,0.7897
day,203311,2033,0.6726,0.4518,0.8162
day,203312,2033,0.6726,0.4518,0.8162
day,203313,2033,0.4215,0.18899999999999997,0.6475
day,203314,2033,0.4939,0.243,0.7047
day,203315,2033,0.3768,0.1618,0.6071
day,203316,2033,0.3041,0.1257,0.5297
day,203317,2033,0.3921,0.1706,0.6214
day,203318,2033,0.4875,0.2376,0.7
day,203319,2033,0.6067,0.3593,0.7789
day,203320,2033,0.6251,0.38299999999999995,0.7897
day,203321,2033,0.5857,0.3342,0.7662
day,203322,2033,0.7342,0.4555,0.8174
day,203323,2033,0.3017,0.1247,0.5268
day,203324,2033,0.2987,0.1234,0.5233
day,203325,2033,0.3482,0.1465,0.5786
day,203326,2033,0.4187,0.1871,0.6451
day,203327,2033,0.4875,0.2376,0.7
day,203328,2033,0.4875,0.2376,0.7
day,203329,2033,0.5994,0.3504,0.7746
day,203330,2033,0.3893,0.16899999999999998,0.6188
day,203331,2033,0.6067,0.3593,0.7789
day,203332,2033,0.6067,0.3593,0.7789
day,203333,2033,0.3893,0.16899999999999998,0.6188
day,203334,2033,0.6067,0.3593,0.7789
day,203335,2033,0.6726,0.4518,0.8162
day,203336,2033,0.3565,0.1508,0.5871
day,203337,2033,0.3551,0.1501,0.5857
day,203401,2034,0.5424,0.2876,0.7385
day,203402,2034,0.4875,0.2376,0.7
day,203403,2034,0.6092,0.3625,0.7804
day,203404,2034,0.5994,0.3504,0.7746
day,203405,2034,0.3953,0.1725,0.6243
day,203406,2034,0.6067,0.3593,0.7789
day,203407,2034,0.3893,0.16899999999999998,0.6188
day,203408,2034,0.3893,0.16899999999999998,0.6188
day,203409,2034,0.569,0.3153,0.7558
day,203410,2034,0.6251,0.38299999999999995,0.7897
day,203411,2034,0.6726,0.4518,0.8162
day,203412,2034,0.6726,0.4518,0.8162
day,203413,2034,0.4215,0.18899999999999997,0.6475
day,203414,2034,0.4939,0.243,0.7047
day,203415,2034,0.3768,0.1618,0.6071
day,203416,2034,0.3041,0.1257,0.5297
day,203417,2034,0.3921,0.1706,0.6214
day,203418,2034,0.4875,0.2376,0.7
day,203419,2034,0.6067,0.3593,0.7789
day,203420,2034,0.6251,0.38299999999999995,0.7897
day,203421,2034,0.5857,0.3342,0.7662
day,203422,2034,0.7342,0.4555,0.8174
day,203423,2034,0.3017,0.1247,0.5268
day,203424,2034,0.2987,0.1234,0.5233
day,203425,2034,0.3482,0.1465,0.5786
day,203426,2034,0.4187,0.1871,0.6451
day,203427,2034,0.4875,0.2376,0.7
day,203428,2034,0.4875,0.2376,0.7
day,203429,2034,0.5994,0.3504,0.7746
day,203430,2034,0.3893,0.16899999999999998,0.6188
day,203431,2034,0.6067,0.3593,0.7789
day,203432,2034,0.6067,0.3593,0.7789
day,203433,2034,0.3893,0.16899999999999998,0.6188
day,203434,2034,0.6067,0.3593,0.7789
day,203435,2034,0.6726,0.4518,0.8162
day,203436,2034,0.3565,0.1508,0.5871
day,203437,2034,0.3551,0.1501,0.5857
day,203501,2035,0.5424,0.2876,0.7385
day,203502,2035,0.4875,0.2376,0.7
day,203503,2035,0.6092,0.3625,0.7804
day,203504,2035,0.5994,0.3504,0.7746
day,203505,2035,0.3953,0.1725,0.6243
day,203506,2035,0.6067,0.3593,0.7789
day,203507,2035,0.3893,0.16899999999999998,0.6188
day,203508,2035,0.3893,0.16899999999999998,0.6188
day,203509,2035,0.569,0.3153,0.7558
day,203510,2035,0.6251,0.38299999999999995,0.7897
day,203511,2035,0.6726,0.4518,0.8162
day,203512,2035,0.6726,0.4518,0.8162
day,203513,2035,0.4215,0.18899999999999997,0.6475
day,203514,2035,0.4939,0.243,0.7047
day,203515,2035,0.3768,0.1618,0.6071
day,203516,2035,0.3041,0.1257,0.5297
day,203517,2035,0.3921,0.1706,0.6214
day,203518,2035,0.4875,0.2376,0.7
day,203519,2035,0.6067,0.3593,0.7789
day,203520,2035,0.6251,0.38299999999999995,0.7897
day,203521,2035,0.5857,0.3342,0.7662
day,203522,2035,0.7342,0.4555,0.8174
day,203523,2035,0.3017,0.1247,0.5268
day,203524,2035,0.2987,0.1234,0.5233
day,203525,2035,0.3482,0.1465,0.5786
day,203526,2035,0.4187,0.1871,0.6451
day,203527,2035,0.4875,0.2376,0.7
day,203528,2035,0.4875,0.2376,0.7
day,203529,2035,0.5994,0.3504,0.7746
day,203530,2035,0.3893,0.16899999999999998,0.6188
day,203531,2035,0.6067,0.3593,0.7789
day,203532,2035,0.6067,0.3593,0.7789
day,203533,2035,0.3893,0.16899999999999998,0.6188
day,203534,2035,0.6067,0.3593,0.7789
day,203535,2035,0.6726,0.4518,0.8162
day,203536,2035,0.3565,0.1508,0.5871
day,203537,2035,0.3551,0.1501,0.5857
day,203601,2036,0.5424,0.2876,0.7385
day,203602,2036,0.4875,0.2376,0.7
day,203603,2036,0.6092,0.3625,0.7804
day,203604,2036,0.5994,0.3504,0.7746
day,203605,2036,0.3953,0.1725,0.6243
day,203606,2036,0.6067,0.3593,0.7789
day,203607,2036,0.3893,0.16899999999999998,0.6188
day,203608,2036,0.3893,0.16899999999999998,0.6188
day,203609,2036,0.569,0.3153,0.7558
day,203610,2036,0.6251,0.38299999999999995,0.7897
day,203611,2036,0.6726,0.4518,0.8162
day,203612,2036,0.6726,0.4518,0.8162
day,203613,2036,0.4215,0.18899999999999997,0.6475
day,203614,2036,0.4939,0.243,0.7047
day,203615,2036,0.3768,0.1618,0.6071
day,203616,2036,0.3041,0.1257,0.5297
day,203617,2036,0.3921,0.1706,0.6214
day,203618,2036,0.4875,0.2376,0.7
day,203619,2036,0.6067,0.3593,0.7789
day,203620,2036,0.6251,0.38299999999999995,0.7897
day,203621,2036,0.5857,0.3342,0.7662
day,203622,2036,0.7342,0.4555,0.8174
day,203623,2036,0.3017,0.1247,0.5268
day,203624,2036,0.2987,0.1234,0.5233
day,203625,2036,0.3482,0.1465,0.5786
day,203626,2036,0.4187,0.1871,0.6451
day,203627,2036,0.4875,0.2376,0.7
day,203628,2036,0.4875,0.2376,0.7
day,203629,2036,0.5994,0.3504,0.7746
day,203630,2036,0.3893,0.16899999999999998,0.6188
day,203631,2036,0.6067,0.3593,0.7789
day,203632,2036,0.6067,0.3593,0.7789
day,203633,2036,0.3893,0.16899999999999998,0.6188
day,203634,2036,0.6067,0.3593,0.7789
day,203635,2036,0.6726,0.4518,0.8162
day,203636,2036,0.3565,0.1508,0.5871
day,203637,2036,0.3551,0.1501,0.5857
day,203701,2037,0.5424,0.2876,0.7385
day,203702,2037,0.4875,0.2376,0.7
day,203703,2037,0.6092,0.3625,0.7804
day,203704,2037,0.5994,0.3504,0.7746
day,203705,2037,0.3953,0.1725,0.6243
day,203706,2037,0.6067,0.3593,0.7789
day,203707,2037,0.3893,0.16899999999999998,0.6188
day,203708,2037,0.3893,0.16899999999999998,0.6188
day,203709,2037,0.569,0.3153,0.7558
day,203710,2037,0.6251,0.38299999999999995,0.7897
day,203711,2037,0.6726,0.4518,0.8162
day,203712,2037,0.6726,0.4518,0.8162
day,203713,2037,0.4215,0.18899999999999997,0.6475
day,203714,2037,0.4939,0.243,0.7047
day,203715,2037,0.3768,0.1618,0.6071
day,203716,2037,0.3041,0.1257,0.5297
day,203717,2037,0.3921,0.1706,0.6214
day,203718,2037,0.4875,0.2376,0.7
day,203719,2037,0.6067,0.3593,0.7789
day,203720,2037,0.6251,0.38299999999999995,0.7897
day,203721,2037,0.5857,0.3342,0.7662
day,203722,2037,0.7342,0.4555,0.8174
day,203723,2037,0.3017,0.1247,0.5268
day,203724,2037,0.2987,0.1234,0.5233
day,203725,2037,0.3482,0.1465,0.5786
day,203726,2037,0.4187,0.1871,0.6451
day,203727,2037,0.4875,0.2376,0.7
day,203728,2037,0.4875,0.2376,0.7
day,203729,2037,0.5994,0.3504,0.7746
day,203730,2037,0.3893,0.16899999999999998,0.6188
day,203731,2037,0.6067,0.3593,0.7789
day,203732,2037,0.6067,0.3593,0.7789
day,203733,2037,0.3893,0.16899999999999998,0.6188
day,203734,2037,0.6067,0.3593,0.7789
day,203735,2037,0.6726,0.4518,0.8162
day,203736,2037,0.3565,0.1508,0.5871
day,203737,2037,0.3551,0.1501,0.5857
day,203801,2038,0.5424,0.2876,0.7385
day,203802,2038,0.4875,0.2376,0.7
day,203803,2038,0.6092,0.3625,0.7804
day,203804,2038,0.5994,0.3504,0.7746
day,203805,2038,0.3953,0.1725,0.6243
day,203806,2038,0.6067,0.3593,0.7789
day,203807,2038,0.3893,0.16899999999999998,0.6188
day,203808,2038,0.3893,0.16899999999999998,0.6188
day,203809,2038,0.569,0.3153,0.7558
day,203810,2038,0.6251,0.38299999999999995,0.7897
day,203811,2038,0.6726,0.4518,0.8162
day,203812,2038,0.6726,0.4518,0.8162
day,203813,2038,0.4215,0.18899999999999997,0.6475
day,203814,2038,0.4939,0.243,0.7047
day,203815,2038,0.3768,0.1618,0.6071
day,203816,2038,0.3041,0.1257,0.5297
day,203817,2038,0.3921,0.1706,0.6214
day,203818,2038,0.4875,0.2376,0.7
day,203819,2038,0.6067,0.3593,0.7789
day,203820,2038,0.6251,0.38299999999999995,0.7897
day,203821,2038,0.5857,0.3342,0.7662
day,203822,2038,0.7342,0.4555,0.8174
day,203823,2038,0.3017,0.1247,0.5268
day,203824,2038,0.2987,0.1234,0.5233
day,203825,2038,0.3482,0.1465,0.5786
day,203826,2038,0.4187,0.1871,0.6451
day,203827,2038,0.4875,0.2376,0.7
day,203828,2038,0.4875,0.2376,0.7
day,203829,2038,0.5994,0.3504,0.7746
day,203830,2038,0.3893,0.16899999999999998,0.6188
day,203831,2038,0.6067,0.3593,0.7789
day,203832,2038,0.6067,0.3593,0.7789
day,203833,2038,0.3893,0.16899999999999998,0.6188
day,203834,2038,0.6067,0.3593,0.7789
day,203835,2038,0.6726,0.4518,0.8162
day,203836,2038,0.3565,0.1508,0.5871
day,203837,2038,0.3551,0.1501,0.5857
day,203901,2039,0.5424,0.2876,0.7385
day,203902,2039,0.4875,0.2376,0.7
day,203903,2039,0.6092,0.3625,0.7804
day,203904,2039,0.5994,0.3504,0.7746
day,203905,2039,0.3953,0.1725,0.6243
day,203906,2039,0.6067,0.3593,0.7789
day,203907,2039,0.3893,0.16899999999999998,0.6188
day,203908,2039,0.3893,0.16899999999999998,0.6188
day,203909,2039,0.569,0.3153,0.7558
day,203910,2039,0.6251,0.38299999999999995,0.7897
day,203911,2039,0.6726,0.4518,0.8162
day,203912,2039,0.6726,0.4518,0.8162
day,203913,2039,0.4215,0.18899999999999997,0.6475
day,203914,2039,0.4939,0.243,0.7047
day,203915,2039,0.3768,0.1618,0.6071
day,203916,2039,0.3041,0.1257,0.5297
day,203917,2039,0.3921,0.1706,0.6214
day,203918,2039,0.4875,0.2376,0.7
day,203919,2039,0.6067,0.3593,0.7789
day,203920,2039,0.6251,0.38299999999999995,0.7897
day,203921,2039,0.5857,0.3342,0.7662
day,203922,2039,0.7342,0.4555,0.8174
day,203923,2039,0.3017,0.1247,0.5268
day,203924,2039,0.2987,0.1234,0.5233
day,203925,2039,0.3482,0.1465,0.5786
day,203926,2039,0.4187,0.1871,0.6451
day,203927,2039,0.4875,0.2376,0.7
day,203928,2039,0.4875,0.2376,0.7
day,203929,2039,0.5994,0.3504,0.7746
day,203930,2039,0.3893,0.16899999999999998,0.6188
day,203931,2039,0.6067,0.3593,0.7789
day,203932,2039,0.6067,0.3593,0.7789
day,203933,2039,0.3893,0.16899999999999998,0.6188
day,203934,2039,0.6067,0.3593,0.7789
day,203935,2039,0.6726,0.4518,0.8162
day,203936,2039,0.3565,0.1508,0.5871
day,203937,2039,0.3551,0.1501,0.5857
day,204001,2040,0.5424,0.2876,0.7385
day,204002,2040,0.4875,0.2376,0.7
day,204003,2040,0.6092,0.3625,0.7804
day,204004,2040,0.5994,0.3504,0.7746
day,204005,2040,0.3953,0.1725,0.6243
day,204006,2040,0.6067,0.3593,0.7789
day,204007,2040,0.3893,0.16899999999999998,0.6188
day,204008,2040,0.3893,0.16899999999999998,0.6188
day,204009,2040,0.569,0.3153,0.7558
day,204010,2040,0.6251,0.38299999999999995,0.7897
day,204011,2040,0.6726,0.4518,0.8162
day,204012,2040,0.6726,0.4518,0.8162
day,204013,2040,0.4215,0.18899999999999997,0.6475
day,204014,2040,0.4939,0.243,0.7047
day,204015,2040,0.3768,0.1618,0.6071
day,204016,2040,0.3041,0.1257,0.5297
day,204017,2040,0.3921,0.1706,0.6214
day,204018,2040,0.4875,0.2376,0.7
day,204019,2040,0.6067,0.3593,0.7789
day,204020,2040,0.6251,0.38299999999999995,0.7897
day,204021,2040,0.5857,0.3342,0.7662
day,204022,2040,0.7342,0.4555,0.8174
day,204023,2040,0.3017,0.1247,0.5268
day,204024,2040,0.2987,0.1234,0.5233
day,204025,2040,0.3482,0.1465,0.5786
day,204026,2040,0.4187,0.1871,0.6451
day,204027,2040,0.4875,0.2376,0.7
day,204028,2040,0.4875,0.2376,0.7
day,204029,2040,0.5994,0.3504,0.7746
day,204030,2040,0.3893,0.16899999999999998,0.6188
day,204031,2040,0.6067,0.3593,0.7789
day,204032,2040,0.6067,0.3593,0.7789
day,204033,2040,0.3893,0.16899999999999998,0.6188
day,204034,2040,0.6067,0.3593,0.7789
day,204035,2040,0.6726,0.4518,0.8162
day,204036,2040,0.3565,0.1508,0.5871
day,204037,2040,0.3551,0.1501,0.5857
day,204101,2041,0.5424,0.2876,0.7385
day,204102,2041,0.4875,0.2376,0.7
day,204103,2041,0.6092,0.3625,0.7804
day,204104,2041,0.5994,0.3504,0.7746
day,204105,2041,0.3953,0.1725,0.6243
day,204106,2041,0.6067,0.3593,0.7789
day,204107,2041,0.3893,0.16899999999999998,0.6188
day,204108,2041,0.3893,0.16899999999999998,0.6188
day,204109,2041,0.569,0.3153,0.7558
day,204110,2041,0.6251,0.38299999999999995,0.7897
day,204111,2041,0.6726,0.4518,0.8162
day,204112,2041,0.6726,0.4518,0.8162
day,204113,2041,0.4215,0.18899999999999997,0.6475
day,204114,2041,0.4939,0.243,0.7047
day,204115,2041,0.3768,0.1618,0.6071
day,204116,2041,0.3041,0.1257,0.5297
day,204117,2041,0.3921,0.1706,0.6214
day,204118,2041,0.4875,0.2376,0.7
day,204119,2041,0.6067,0.3593,0.7789
day,204120,2041,0.6251,0.38299999999999995,0.7897
day,204121,2041,0.5857,0.3342,0.7662
day,204122,2041,0.7342,0.4555,0.8174
day,204123,2041,0.3017,0.1247,0.5268
day,204124,2041,0.2987,0.1234,0.5233
day,204125,2041,0.3482,0.1465,0.5786
day,204126,2041,0.4187,0.1871,0.6451
day,204127,2041,0.4875,0.2376,0.7
day,204128,2041,0.4875,0.2376,0.7
day,204129,2041,0.5994,0.3504,0.7746
day,204130,2041,0.3893,0.16899999999999998,0.6188
day,204131,2041,0.6067,0.3593,0.7789
day,204132,2041,0.6067,0.3593,0.7789
day,204133,2041,0.3893,0.16899999999999998,0.6188
day,204134,2041,0.6067,0.3593,0.7789
day,204135,2041,0.6726,0.4518,0.8162
day,204136,2041,0.3565,0.1508,0.5871
day,204137,2041,0.3551,0.1501,0.5857
day,204201,2042,0.5424,0.2876,0.7385
day,204202,2042,0.4875,0.2376,0.7
day,204203,2042,0.6092,0.3625,0.7804
day,204204,2042,0.5994,0.3504,0.7746
day,204205,2042,0.3953,0.1725,0.6243
day,204206,2042,0.6067,0.3593,0.7789
day,204207,2042,0.3893,0.16899999999999998,0.6188
day,204208,2042,0.3893,0.16899999999999998,0.6188
day,204209,2042,0.569,0.3153,0.7558
day,204210,2042,0.6251,0.38299999999999995,0.7897
day,204211,2042,0.6726,0.4518,0.8162
day,204212,2042,0.6726,0.4518,0.8162
day,204213,2042,0.4215,0.18899999999999997,0.6475
day,204214,2042,0.4939,0.243,0.7047
day,204215,2042,0.3768,0.1618,0.6071
day,204216,2042,0.3041,0.1257,0.5297
day,204217,2042,0.3921,0.1706,0.6214
day,204218,2042,0.4875,0.2376,0.7
day,204219,2042,0.6067,0.3593,0.7789
day,204220,2042,0.6251,0.38299999999999995,0.7897
day,204221,2042,0.5857,0.3342,0.7662
day,204222,2042,0.7342,0.4555,0.8174
day,204223,2042,0.3017,0.1247,0.5268
day,204224,2042,0.2987,0.1234,0.5233
day,204225,2042,0.3482,0.1465,0.5786
day,204226,2042,0.4187,0.1871,0.6451
day,204227,2042,0.4875,0.2376,0.7
day,204228,2042,0.4875,0.2376,0.7
day,204229,2042,0.5994,0.3504,0.7746
day,204230,2042,0.3893,0.16899999999999998,0.6188
day,204231,2042,0.6067,0.3593,0.7789
day,204232,2042,0.6067,0.3593,0.7789
day,204233,2042,0.3893,0.16899999999999998,0.6188
day,204234,2042,0.6067,0.3593,0.7789
day,204235,2042,0.6726,0.4518,0.8162
day,204236,2042,0.3565,0.1508,0.5871
day,204237,2042,0.3551,0.1501,0.5857
day,204301,2043,0.5424,0.2876,0.7385
day,204302,2043,0.4875,0.2376,0.7
day,204303,2043,0.6092,0.3625,0.7804
day,204304,2043,0.5994,0.3504,0.7746
day,204305,2043,0.3953,0.1725,0.6243
day,204306,2043,0.6067,0.3593,0.7789
day,204307,2043,0.3893,0.16899999999999998,0.6188
day,204308,2043,0.3893,0.16899999999999998,0.6188
day,204309,2043,0.569,0.3153,0.7558
day,204310,2043,0.6251,0.38299999999999995,0.7897
day,204311,2043,0.6726,0.4518,0.8162
day,204312,2043,0.6726,0.4518,0.8162
day,204313,2043,0.4215,0.18899999999999997,0.6475
day,204314,2043,0.4939,0.243,0.7047
day,204315,2043,0.3768,0.1618,0.6071
day,204316,2043,0.3041,0.1257,0.5297
day,204317,2043,0.3921,0.1706,0.6214
day,204318,2043,0.4875,0.2376,0.7
day,204319,2043,0.6067,0.3593,0.7789
day,204320,2043,0.6251,0.38299999999999995,0.7897
day,204321,2043,0.5857,0.3342,0.7662
day,204322,2043,0.7342,0.4555,0.8174
day,204323,2043,0.3017,0.1247,0.5268
day,204324,2043,0.2987,0.1234,0.5233
day,204325,2043,0.3482,0.1465,0.5786
day,204326,2043,0.4187,0.1871,0.6451
day,204327,2043,0.4875,0.2376,0.7
day,204328,2043,0.4875,0.2376,0.7
day,204329,2043,0.5994,0.3504,0.7746
day,204330,2043,0.3893,0.16899999999999998,0.6188
day,204331,2043,0.6067,0.3593,0.7789
day,204332,2043,0.6067,0.3593,0.7789
day,204333,2043,0.3893,0.16899999999999998,0.6188
day,204334,2043,0.6067,0.3593,0.7789
day,204335,2043,0.6726,0.4518,0.8162
day,204336,2043,0.3565,0.1508,0.5871
day,204337,2043,0.3551,0.1501,0.5857
day,204401,2044,0.5424,0.2876,0.7385
day,204402,2044,0.4875,0.2376,0.7
day,204403,2044,0.6092,0.3625,0.7804
day,204404,2044,0.5994,0.3504,0.7746
day,204405,2044,0.3953,0.1725,0.6243
day,204406,2044,0.6067,0.3593,0.7789
day,204407,2044,0.3893,0.16899999999999998,0.6188
day,204408,2044,0.3893,0.16899999999999998,0.6188
day,204409,2044,0.569,0.3153,0.7558
day,204410,2044,0.6251,0.38299999999999995,0.7897
day,204411,2044,0.6726,0.4518,0.8162
day,204412,2044,0.6726,0.4518,0.8162
day,204413,2044,0.4215,0.18899999999999997,0.6475
day,204414,2044,0.4939,0.243,0.7047
day,204415,2044,0.3768,0.1618,0.6071
day,204416,2044,0.3041,0.1257,0.5297
day,204417,2044,0.3921,0.1706,0.6214
day,204418,2044,0.4875,0.2376,0.7
day,204419,2044,0.6067,0.3593,0.7789
day,204420,2044,0.6251,0.38299999999999995,0.7897
day,204421,2044,0.5857,0.3342,0.7662
day,204422,2044,0.7342,0.4555,0.8174
day,204423,2044,0.3017,0.1247,0.5268
day,204424,2044,0.2987,0.1234,0.5233
day,204425,2044,0.3482,0.1465,0.5786
day,204426,2044,0.4187,0.1871,0.6451
day,204427,2044,0.4875,0.2376,0.7
day,204428,2044,0.4875,0.2376,0.7
day,204429,2044,0.5994,0.3504,0.7746
day,204430,2044,0.3893,0.16899999999999998,0.6188
day,204431,2044,0.6067,0.3593,0.7789
day,204432,2044,0.6067,0.3593,0.7789
day,204433,2044,0.3893,0.16899999999999998,0.6188
day,204434,2044,0.6067,0.3593,0.7789
day,204435,2044,0.6726,0.4518,0.8162
day,204436,2044,0.3565,0.1508,0.5871
day,204437,2044,0.3551,0.1501,0.5857
day,204501,2045,0.5424,0.2876,0.7385
day,204502,2045,0.4875,0.2376,0.7
day,204503,2045,0.6092,0.3625,0.7804
day,204504,2045,0.5994,0.3504,0.7746
day,204505,2045,0.3953,0.1725,0.6243
day,204506,2045,0.6067,0.3593,0.7789
day,204507,2045,0.3893,0.16899999999999998,0.6188
day,204508,2045,0.3893,0.16899999999999998,0.6188
day,204509,2045,0.569,0.3153,0.7558
day,204510,2045,0.6251,0.38299999999999995,0.7897
day,204511,2045,0.6726,0.4518,0.8162
day,204512,2045,0.6726,0.4518,0.8162
day,204513,2045,0.4215,0.18899999999999997,0.6475
day,204514,2045,0.4939,0.243,0.7047
day,204515,2045,0.3768,0.1618,0.6071
day,204516,2045,0.3041,0.1257,0.5297
day,204517,2045,0.3921,0.1706,0.6214
day,204518,2045,0.4875,0.2376,0.7
day,204519,2045,0.6067,0.3593,0.7789
day,204520,2045,0.6251,0.38299999999999995,0.7897
day,204521,2045,0.5857,0.3342,0.7662
day,204522,2045,0.7342,0.4555,0.8174
day,204523,2045,0.3017,0.1247,0.5268
day,204524,2045,0.2987,0.1234,0.5233
day,204525,2045,0.3482,0.1465,0.5786
day,204526,2045,0.4187,0.1871,0.6451
day,204527,2045,0.4875,0.2376,0.7
day,204528,2045,0.4875,0.2376,0.7
day,204529,2045,0.5994,0.3504,0.7746
day,204530,2045,0.3893,0.16899999999999998,0.6188
day,204531,2045,0.6067,0.3593,0.7789
day,204532,2045,0.6067,0.3593,0.7789
day,204533,2045,0.3893,0.16899999999999998,0.6188
day,204534,2045,0.6067,0.3593,0.7789
day,204535,2045,0.6726,0.4518,0.8162
day,204536,2045,0.3565,0.1508,0.5871
day,204537,2045,0.3551,0.1501,0.5857
day,204601,2046,0.5424,0.2876,0.7385
day,204602,2046,0.4875,0.2376,0.7
day,204603,2046,0.6092,0.3625,0.7804
day,204604,2046,0.5994,0.3504,0.7746
day,204605,2046,0.3953,0.1725,0.6243
day,204606,2046,0.6067,0.3593,0.7789
day,204607,2046,0.3893,0.16899999999999998,0.6188
day,204608,2046,0.3893,0.16899999999999998,0.6188
day,204609,2046,0.569,0.3153,0.7558
day,204610,2046,0.6251,0.38299999999999995,0.7897
day,204611,2046,0.6726,0.4518,0.8162
day,204612,2046,0.6726,0.4518,0.8162
day,204613,2046,0.4215,0.18899999999999997,0.6475
day,204614,2046,0.4939,0.243,0.7047
day,204615,2046,0.3768,0.1618,0.6071
day,204616,2046,0.3041,0.1257,0.5297
day,204617,2046,0.3921,0.1706,0.6214
day,204618,2046,0.4875,0.2376,0.7
day,204619,2046,0.6067,0.3593,0.7789
day,204620,2046,0.6251,0.38299999999999995,0.7897
day,204621,2046,0.5857,0.3342,0.7662
day,204622,2046,0.7342,0.4555,0.8174
day,204623,2046,0.3017,0.1247,0.5268
day,204624,2046,0.2987,0.1234,0.5233
day,204625,2046,0.3482,0.1465,0.5786
day,204626,2046,0.4187,0.1871,0.6451
day,204627,2046,0.4875,0.2376,0.7
day,204628,2046,0.4875,0.2376,0.7
day,204629,2046,0.5994,0.3504,0.7746
day,204630,2046,0.3893,0.16899999999999998,0.6188
day,204631,2046,0.6067,0.3593,0.7789
day,204632,2046,0.6067,0.3593,0.7789
day,204633,2046,0.3893,0.16899999999999998,0.6188
day,204634,2046,0.6067,0.3593,0.7789
day,204635,2046,0.6726,0.4518,0.8162
day,204636,2046,0.3565,0.1508,0.5871
day,204637,2046,0.3551,0.1501,0.5857
day,204701,2047,0.5424,0.2876,0.7385
day,204702,2047,0.4875,0.2376,0.7
day,204703,2047,0.6092,0.3625,0.7804
day,204704,2047,0.5994,0.3504,0.7746
day,204705,2047,0.3953,0.1725,0.6243
day,204706,2047,0.6067,0.3593,0.7789
day,204707,2047,0.3893,0.16899999999999998,0.6188
day,204708,2047,0.3893,0.16899999999999998,0.6188
day,204709,2047,0.569,0.3153,0.7558
day,204710,2047,0.6251,0.38299999999999995,0.7897
day,204711,2047,0.6726,0.4518,0.8162
day,204712,2047,0.6726,0.4518,0.8162
day,204713,2047,0.4215,0.18899999999999997,0.6475
day,204714,2047,0.4939,0.243,0.7047
day,204715,2047,0.3768,0.1618,0.6071
day,204716,2047,0.3041,0.1257,0.5297
day,204717,2047,0.3921,0.1706,0.6214
day,204718,2047,0.4875,0.2376,0.7
day,204719,2047,0.6067,0.3593,0.7789
day,204720,2047,0.6251,0.38299999999999995,0.7897
day,204721,2047,0.5857,0.3342,0.7662
day,204722,2047,0.7342,0.4555,0.8174
day,204723,2047,0.3017,0.1247,0.5268
day,204724,2047,0.2987,0.1234,0.5233
day,204725,2047,0.3482,0.1465,0.5786
day,204726,2047,0.4187,0.1871,0.6451
day,204727,2047,0.4875,0.2376,0.7
day,204728,2047,0.4875,0.2376,0.7
day,204729,2047,0.5994,0.3504,0.7746
day,204730,2047,0.3893,0.16899999999999998,0.6188
day,204731,2047,0.6067,0.3593,0.7789
day,204732,2047,0.6067,0.3593,0.7789
day,204733,2047,0.3893,0.16899999999999998,0.6188
day,204734,2047,0.6067,0.3593,0.7789
day,204735,2047,0.6726,0.4518,0.8162
day,204736,2047,0.3565,0.1508,0.5871
day,204737,2047,0.3551,0.1501,0.5857
day,204801,2048,0.5424,0.2876,0.7385
day,204802,2048,0.4875,0.2376,0.7
day,204803,2048,0.6092,0.3625,0.7804
day,204804,2048,0.5994,0.3504,0.7746
day,204805,2048,0.3953,0.1725,0.6243
day,204806,2048,0.6067,0.3593,0.7789
day,204807,2048,0.3893,0.16899999999999998,0.6188
day,204808,2048,0.3893,0.16899999999999998,0.6188
day,204809,2048,0.569,0.3153,0.7558
day,204810,2048,0.6251,0.38299999999999995,0.7897
day,204811,2048,0.6726,0.4518,0.8162
day,204812,2048,0.6726,0.4518,0.8162
day,204813,2048,0.4215,0.18899999999999997,0.6475
day,204814,2048,0.4939,0.243,0.7047
day,204815,2048,0.3768,0.1618,0.6071
day,204816,2048,0.3041,0.1257,0.5297
day,204817,2048,0.3921,0.1706,0.6214
day,204818,2048,0.4875,0.2376,0.7
day,204819,2048,0.6067,0.3593,0.7789
day,204820,2048,0.6251,0.38299999999999995,0.7897
day,204821,2048,0.5857,0.3342,0.7662
day,204822,2048,0.7342,0.4555,0.8174
day,204823,2048,0.3017,0.1247,0.5268
day,204824,2048,0.2987,0.1234,0.5233
day,204825,2048,0.3482,0.1465,0.5786
day,204826,2048,0.4187,0.1871,0.6451
day,204827,2048,0.4875,0.2376,0.7
day,204828,2048,0.4875,0.2376,0.7
day,204829,2048,0.5994,0.3504,0.7746
day,204830,2048,0.3893,0.16899999999999998,0.6188
day,204831,2048,0.6067,0.3593,0.7789
day,204832,2048,0.6067,0.3593,0.7789
day,204833,2048,0.3893,0.16899999999999998,0.6188
day,204834,2048,0.6067,0.3593,0.7789
day,204835,2048,0.6726,0.4518,0.8162
day,204836,2048,0.3565,0.1508,0.5871
day,204837,2048,0.3551,0.1501,0.5857
day,204901,2049,0.5424,0.2876,0.7385
day,204902,2049,0.4875,0.2376,0.7
day,204903,2049,0.6092,0.3625,0.7804
day,204904,2049,0.5994,0.3504,0.7746
day,204905,2049,0.3953,0.1725,0.6243
day,204906,2049,0.6067,0.3593,0.7789
day,204907,2049,0.3893,0.16899999999999998,0.6188
day,204908,2049,0.3893,0.16899999999999998,0.6188
day,204909,2049,0.569,0.3153,0.7558
day,204910,2049,0.6251,0.38299999999999995,0.7897
day,204911,2049,0.6726,0.4518,0.8162
day,204912,2049,0.6726,0.4518,0.8162
day,204913,2049,0.4215,0.18899999999999997,0.6475
day,204914,2049,0.4939,0.243,0.7047
day,204915,2049,0.3768,0.1618,0.6071
day,204916,2049,0.3041,0.1257,0.5297
day,204917,2049,0.3921,0.1706,0.6214
day,204918,2049,0.4875,0.2376,0.7
day,204919,2049,0.6067,0.3593,0.7789
day,204920,2049,0.6251,0.38299999999999995,0.7897
day,204921,2049,0.5857,0.3342,0.7662
day,204922,2049,0.7342,0.4555,0.8174
day,204923,2049,0.3017,0.1247,0.5268
day,204924,2049,0.2987,0.1234,0.5233
day,204925,2049,0.3482,0.1465,0.5786
day,204926,2049,0.4187,0.1871,0.6451
day,204927,2049,0.4875,0.2376,0.7
day,204928,2049,0.4875,0.2376,0.7
day,204929,2049,0.5994,0.3504,0.7746
day,204930,2049,0.3893,0.16899999999999998,0.6188
day,204931,2049,0.6067,0.3593,0.7789
day,204932,2049,0.6067,0.3593,0.7789
day,204933,2049,0.3893,0.16899999999999998,0.6188
day,204934,2049,0.6067,0.3593,0.7789
day,204935,2049,0.6726,0.4518,0.8162
day,204936,2049,0.3565,0.1508,0.5871
day,204937,2049,0.3551,0.1501,0.5857
day,205001,2050,0.5424,0.2876,0.7385
day,205002,2050,0.4875,0.2376,0.7
day,205003,2050,0.6092,0.3625,0.7804
day,205004,2050,0.5994,0.3504,0.7746
day,205005,2050,0.3953,0.1725,0.6243
day,205006,2050,0.6067,0.3593,0.7789
day,205007,2050,0.3893,0.16899999999999998,0.6188
day,205008,2050,0.3893,0.16899999999999998,0.6188
day,205009,2050,0.569,0.3153,0.7558
day,205010,2050,0.6251,0.38299999999999995,0.7897
day,205011,2050,0.6726,0.4518,0.8162
day,205012,2050,0.6726,0.4518,0.8162
day,205013,2050,0.4215,0.18899999999999997,0.6475
day,205014,2050,0.4939,0.243,0.7047
day,205015,2050,0.3768,0.1618,0.6071
day,205016,2050,0.3041,0.1257,0.5297
day,205017,2050,0.3921,0.1706,0.6214
day,205018,2050,0.4875,0.2376,0.7
day,205019,2050,0.6067,0.3593,0.7789
day,205020,2050,0.6251,0.38299999999999995,0.7897
day,205021,2050,0.5857,0.3342,0.7662
day,205022,2050,0.7342,0.4555,0.8174
day,205023,2050,0.3017,0.1247,0.5268
day,205024,2050,0.2987,0.1234,0.5233
day,205025,2050,0.3482,0.1465,0.5786
day,205026,2050,0.4187,0.1871,0.6451
day,205027,2050,0.4875,0.2376,0.7
day,205028,2050,0.4875,0.2376,0.7
day,205029,2050,0.5994,0.3504,0.7746
day,205030,2050,0.3893,0.16899999999999998,0.6188
day,205031,2050,0.6067,0.3593,0.7789
day,205032,2050,0.6067,0.3593,0.7789
day,205033,2050,0.3893,0.16899999999999998,0.6188
day,205034,2050,0.6067,0.3593,0.7789
day,205035,2050,0.6726,0.4518,0.8162
day,205036,2050,0.3565,0.1508,0.5871
day,205037,2050,0.3551,0.1501,0.5857
